{"cameraMode":{"drawMode":0,"name":"Shaded","section":"Shading Mode"},"sceneLighting":false,"audioPlay":false,"sceneViewState":{"showFog":false,"showMaterialUpdate":false,"showSkybox":false,"showFlares":false,"showImageEffects":false,"showParticleSystems":false,"showVisualEffectGraphs":true,"m_FxEnabled":true},"in2DMode":false,"pivot":{"x":-0.7150217294692993,"y":0.8525766134262085,"z":-0.2505300045013428},"rotation":{"x":0.014279183931648732,"y":0.7703359127044678,"z":-0.01349562592804432,"w":0.6376298069953919},"size":2.7285687923431398,"orthographic":true}