{"cameraMode":{"drawMode":0,"name":"Shaded","section":"Shading Mode"},"sceneLighting":false,"audioPlay":false,"sceneViewState":{"showFog":true,"showMaterialUpdate":true,"showSkybox":false,"showFlares":true,"showImageEffects":true,"showParticleSystems":true,"showVisualEffectGraphs":true,"m_FxEnabled":true},"in2DMode":false,"pivot":{"x":266.83551025390627,"y":239.99591064453126,"z":-124.42198181152344},"rotation":{"x":0.039495814591646197,"y":0.26232004165649416,"z":-0.009093355387449265,"w":0.9643956422805786},"size":314.9662170410156,"orthographic":false}